{"cameraMode":{"drawMode":0,"name":"Shaded","section":"Shading Mode"},"sceneLighting":true,"audioPlay":false,"sceneViewState":{"showFog":true,"showMaterialUpdate":true,"showSkybox":true,"showFlares":true,"showImageEffects":true,"showParticleSystems":true},"in2DMode":false,"pivot":{"x":-6.121208667755127,"y":3.3177149295806886,"z":-3.060177803039551},"rotation":{"x":-0.10494962334632874,"y":0.0557570680975914,"z":-0.005893476773053408,"w":-0.992895781993866},"size":16.3983097076416,"orthographic":false}